"CODE","DESCRIPTION","INVALID","VALID_THRU"
"001","Heart transplant or implant of heart assist system with MCC","","2023-03-31"
"002","Heart transplant or implant of heart assist system without MCC","","2023-03-31"
"003","ECMO or tracheostomy with MV >96 hours or principal diagnosis except face, mouth and neck with major O.R. procedures","","2023-03-31"
"004","Tracheostomy with MV >96 hours or principal diagnosis except face, mouth and neck without major O.R. procedures","","2023-03-31"
"005","Liver transplant with MCC or intestinal transplant","","2023-03-31"
"006","Liver transplant without MCC","","2023-03-31"
"007","Lung transplant","","2023-03-31"
"008","Simultaneous pancreas and kidney transplant","","2023-03-31"
"009","Bone marrow transplant","1","2010-09-30"
"010","Pancreas transplant","","2023-03-31"
"011","Tracheostomy for face, mouth and neck diagnoses or laryngectomy with MCC","","2023-03-31"
"012","Tracheostomy for face, mouth and neck diagnoses or laryngectomy with CC","","2023-03-31"
"013","Tracheostomy for face, mouth and neck diagnoses or laryngectomy without CC/MCC","","2023-03-31"
"014","Allogeneic bone marrow transplant","","2023-03-31"
"015","Autologous bone marrow transplant","1","2011-09-30"
"016","Autologous bone marrow transplant with CC/MCC","","2023-03-31"
"017","Autologous bone marrow transplant without CC/MCC","","2023-03-31"
"018","Chimeric antigen receptor (CAR) T-cell and other immunotherapies","","2023-03-31"
"019","Simultaneous pancreas and kidney transplant with hemodialysis","","2023-03-31"
"020","Intracranial vascular procedures with principal diagnosis hemorrhage with MCC","","2023-03-31"
"021","Intracranial vascular procedures with principal diagnosis hemorrhage with CC","","2023-03-31"
"022","Intracranial vascular procedures with principal diagnosis hemorrhage without CC/MCC","","2023-03-31"
"023","Craniotomy with major device implant or acute complex CNS principal diagnosis with MCC or chemotherapy implant or epilepsy with neurostimulator","","2023-03-31"
"024","Craniotomy with major device implant or acute complex CNS principal diagnosis without MCC","","2023-03-31"
"025","Craniotomy and endovascular intracranial procedures with MCC","","2023-03-31"
"026","Craniotomy and endovascular intracranial procedures with CC","","2023-03-31"
"027","Craniotomy and endovascular intracranial procedures without CC/MCC","","2023-03-31"
"028","Spinal procedures with MCC","","2023-03-31"
"029","Spinal procedures with CC or spinal neurostimulators","","2023-03-31"
"030","Spinal procedures without CC/MCC","","2023-03-31"
"031","Ventricular shunt procedures with MCC","","2023-03-31"
"032","Ventricular shunt procedures with CC","","2023-03-31"
"033","Ventricular shunt procedures without CC/MCC","","2023-03-31"
"034","Carotid artery stent procedures with MCC","","2023-03-31"
"035","Carotid artery stent procedures with CC","","2023-03-31"
"036","Carotid artery stent procedures without CC/MCC","","2023-03-31"
"037","Extracranial procedures with MCC","","2023-03-31"
"038","Extracranial procedures with CC","","2023-03-31"
"039","Extracranial procedures without CC/MCC","","2023-03-31"
"040","Peripheral, cranial nerve and other nervous system procedures with MCC","","2023-03-31"
"041","Peripheral, cranial nerve and other nervous system procedures with CC or peripheral neurostimulator","","2023-03-31"
"042","Peripheral, cranial nerve and other nervous system procedures without CC/MCC","","2023-03-31"
"052","Spinal disorders and injuries with CC/MCC","","2023-03-31"
"053","Spinal disorders and injuries without CC/MCC","","2023-03-31"
"054","Nervous system neoplasms with MCC","","2023-03-31"
"055","Nervous system neoplasms without MCC","","2023-03-31"
"056","Degenerative nervous system disorders with MCC","","2023-03-31"
"057","Degenerative nervous system disorders without MCC","","2023-03-31"
"058","Multiple sclerosis and cerebellar ataxia with MCC","","2023-03-31"
"059","Multiple sclerosis and cerebellar ataxia with CC","","2023-03-31"
"060","Multiple sclerosis and cerebellar ataxia without CC/MCC","","2023-03-31"
"061","Ischemic stroke, precerebral occlusion or transient ischemia with thrombolytic agent with MCC","","2023-03-31"
"062","Ischemic stroke, precerebral occlusion or transient ischemia with thrombolytic agent with CC","","2023-03-31"
"063","Ischemic stroke, precerebral occlusion or transient ischemia with thrombolytic agent without CC/MCC","","2023-03-31"
"064","Intracranial hemorrhage or cerebral infarction with MCC","","2023-03-31"
"065","Intracranial hemorrhage or cerebral infarction with CC or tPA in 24 hours","","2023-03-31"
"066","Intracranial hemorrhage or cerebral infarction without CC/MCC","","2023-03-31"
"067","Nonspecific CVA and precerebral occlusion without infarction with MCC","","2023-03-31"
"068","Nonspecific CVA and precerebral occlusion without infarction without MCC","","2023-03-31"
"069","Transient ischemia without thrombolytic","","2023-03-31"
"070","Nonspecific cerebrovascular disorders with MCC","","2023-03-31"
"071","Nonspecific cerebrovascular disorders with CC","","2023-03-31"
"072","Nonspecific cerebrovascular disorders without CC/MCC","","2023-03-31"
"073","Cranial and peripheral nerve disorders with MCC","","2023-03-31"
"074","Cranial and peripheral nerve disorders without MCC","","2023-03-31"
"075","Viral meningitis with CC/MCC","","2023-03-31"
"076","Viral meningitis without CC/MCC","","2023-03-31"
"077","Hypertensive encephalopathy with MCC","","2023-03-31"
"078","Hypertensive encephalopathy with CC","","2023-03-31"
"079","Hypertensive encephalopathy without CC/MCC","","2023-03-31"
"080","Nontraumatic stupor and coma with MCC","","2023-03-31"
"081","Nontraumatic stupor and coma without MCC","","2023-03-31"
"082","Traumatic stupor and coma >1 hour with MCC","","2023-03-31"
"083","Traumatic stupor and coma >1 hour with CC","","2023-03-31"
"084","Traumatic stupor and coma >1 hour without CC/MCC","","2023-03-31"
"085","Traumatic stupor and coma <1 hour with MCC","","2023-03-31"
"086","Traumatic stupor and coma <1 hour with CC","","2023-03-31"
"087","Traumatic stupor and coma <1 hour without CC/MCC","","2023-03-31"
"088","Concussion with MCC","","2023-03-31"
"089","Concussion with CC","","2023-03-31"
"090","Concussion without CC/MCC","","2023-03-31"
"091","Other disorders of nervous system with MCC","","2023-03-31"
"092","Other disorders of nervous system with CC","","2023-03-31"
"093","Other disorders of nervous system without CC/MCC","","2023-03-31"
"094","Bacterial and tuberculous infections of nervous system with MCC","","2023-03-31"
"095","Bacterial and tuberculous infections of nervous system with CC","","2023-03-31"
"096","Bacterial and tuberculous infections of nervous system without CC/MCC","","2023-03-31"
"097","Non-bacterial infection of nervous system except viral meningitis with MCC","","2023-03-31"
"098","Non-bacterial infection of nervous system except viral meningitis with CC","","2023-03-31"
"099","Non-bacterial infection of nervous system except viral meningitis without CC/MCC","","2023-03-31"
"100","Seizures with MCC","","2023-03-31"
"101","Seizures without MCC","","2023-03-31"
"102","Headaches with MCC","","2023-03-31"
"103","Headaches without MCC","","2023-03-31"
"113","Orbital procedures with CC/MCC","","2023-03-31"
"114","Orbital procedures without CC/MCC","","2023-03-31"
"115","Extraocular procedures except orbit","","2023-03-31"
"116","Intraocular procedures with CC/MCC","","2023-03-31"
"117","Intraocular procedures without CC/MCC","","2023-03-31"
"121","Acute major eye infections with CC/MCC","","2023-03-31"
"122","Acute major eye infections without CC/MCC","","2023-03-31"
"123","Neurological eye disorders","","2023-03-31"
"124","Other disorders of the eye with MCC","","2023-03-31"
"125","Other disorders of the eye without MCC","","2023-03-31"
"129","Major head & neck procedures w CC/MCC or major device","1","2020-09-30"
"130","Major head & neck procedures w/o CC/MCC","1","2020-09-30"
"131","Cranial/facial procedures w CC/MCC","1","2020-09-30"
"132","Cranial/facial procedures w/o CC/MCC","1","2020-09-30"
"133","Other ear, nose, mouth & throat O.R. procedures w CC/MCC","1","2020-09-30"
"134","Other ear, nose, mouth & throat O.R. procedures w/o CC/MCC","1","2020-09-30"
"135","Sinus and mastoid procedures with CC/MCC","","2023-03-31"
"136","Sinus and mastoid procedures without CC/MCC","","2023-03-31"
"137","Mouth procedures with CC/MCC","","2023-03-31"
"138","Mouth procedures without CC/MCC","","2023-03-31"
"139","Salivary gland procedures","","2023-03-31"
"140","Major head and neck procedures with MCC","","2023-03-31"
"141","Major head and neck procedures with CC","","2023-03-31"
"142","Major head and neck procedures without CC/MCC","","2023-03-31"
"143","Other ear, nose, mouth and throat O.R. procedures with MCC","","2023-03-31"
"144","Other ear, nose, mouth and throat O.R. procedures with CC","","2023-03-31"
"145","Other ear, nose, mouth and throat O.R. procedures without CC/MCC","","2023-03-31"
"146","Ear, nose, mouth and throat malignancy with MCC","","2023-03-31"
"147","Ear, nose, mouth and throat malignancy with CC","","2023-03-31"
"148","Ear, nose, mouth and throat malignancy without CC/MCC","","2023-03-31"
"149","Dysequilibrium","","2023-03-31"
"150","Epistaxis with MCC","","2023-03-31"
"151","Epistaxis without MCC","","2023-03-31"
"152","Otitis media and URI with MCC","","2023-03-31"
"153","Otitis media and URI without MCC","","2023-03-31"
"154","Other ear, nose, mouth and throat diagnoses with MCC","","2023-03-31"
"155","Other ear, nose, mouth and throat diagnoses with CC","","2023-03-31"
"156","Other ear, nose, mouth and throat diagnoses without CC/MCC","","2023-03-31"
"157","Dental and oral diseases with MCC","","2023-03-31"
"158","Dental and oral diseases with CC","","2023-03-31"
"159","Dental and oral diseases without CC/MCC","","2023-03-31"
"163","Major chest procedures with MCC","","2023-03-31"
"164","Major chest procedures with CC","","2023-03-31"
"165","Major chest procedures without CC/MCC","","2023-03-31"
"166","Other respiratory system O.R. procedures with MCC","","2023-03-31"
"167","Other respiratory system O.R. procedures with CC","","2023-03-31"
"168","Other respiratory system O.R. procedures without CC/MCC","","2023-03-31"
"175","Pulmonary embolism with MCC or acute cor pulmonale","","2023-03-31"
"176","Pulmonary embolism without MCC","","2023-03-31"
"177","Respiratory infections and inflammations with MCC","","2023-03-31"
"178","Respiratory infections and inflammations with CC","","2023-03-31"
"179","Respiratory infections and inflammations without CC/MCC","","2023-03-31"
"180","Respiratory neoplasms with MCC","","2023-03-31"
"181","Respiratory neoplasms with CC","","2023-03-31"
"182","Respiratory neoplasms without CC/MCC","","2023-03-31"
"183","Major chest trauma with MCC","","2023-03-31"
"184","Major chest trauma with CC","","2023-03-31"
"185","Major chest trauma without CC/MCC","","2023-03-31"
"186","Pleural effusion with MCC","","2023-03-31"
"187","Pleural effusion with CC","","2023-03-31"
"188","Pleural effusion without CC/MCC","","2023-03-31"
"189","Pulmonary edema and respiratory failure","","2023-03-31"
"190","Chronic obstructive pulmonary disease with MCC","","2023-03-31"
"191","Chronic obstructive pulmonary disease with CC","","2023-03-31"
"192","Chronic obstructive pulmonary disease without CC/MCC","","2023-03-31"
"193","Simple pneumonia and pleurisy with MCC","","2023-03-31"
"194","Simple pneumonia and pleurisy with CC","","2023-03-31"
"195","Simple pneumonia and pleurisy without CC/MCC","","2023-03-31"
"196","Interstitial lung disease with MCC","","2023-03-31"
"197","Interstitial lung disease with CC","","2023-03-31"
"198","Interstitial lung disease without CC/MCC","","2023-03-31"
"199","Pneumothorax with MCC","","2023-03-31"
"200","Pneumothorax with CC","","2023-03-31"
"201","Pneumothorax without CC/MCC","","2023-03-31"
"202","Bronchitis and asthma with CC/MCC","","2023-03-31"
"203","Bronchitis and asthma without CC/MCC","","2023-03-31"
"204","Respiratory signs and symptoms","","2023-03-31"
"205","Other respiratory system diagnoses with MCC","","2023-03-31"
"206","Other respiratory system diagnoses without MCC","","2023-03-31"
"207","Respiratory system diagnosis with ventilator support >96 hours","","2023-03-31"
"208","Respiratory system diagnosis with ventilator support <=96 hours","","2023-03-31"
"215","Other heart assist system implant","","2023-03-31"
"216","Cardiac valve and other major cardiothoracic procedures with cardiac catheterization with MCC","","2023-03-31"
"217","Cardiac valve and other major cardiothoracic procedures with cardiac catheterization with CC","","2023-03-31"
"218","Cardiac valve and other major cardiothoracic procedures with cardiac catheterization without CC/MCC","","2023-03-31"
"219","Cardiac valve and other major cardiothoracic procedures without cardiac catheterization with MCC","","2023-03-31"
"220","Cardiac valve and other major cardiothoracic procedures without cardiac catheterization with CC","","2023-03-31"
"221","Cardiac valve and other major cardiothoracic procedures without cardiac catheterization without CC/MCC","","2023-03-31"
"222","Cardiac defibrillator implant with cardiac catheterization with AMI, HF or shock with MCC","","2023-03-31"
"223","Cardiac defibrillator implant with cardiac catheterization with AMI, HF or shock without MCC","","2023-03-31"
"224","Cardiac defibrillator implant with cardiac catheterization without AMI, HF or shock with MCC","","2023-03-31"
"225","Cardiac defibrillator implant with cardiac catheterization without AMI, HF or shock without MCC","","2023-03-31"
"226","Cardiac defibrillator implant without cardiac catheterization with MCC","","2023-03-31"
"227","Cardiac defibrillator implant without cardiac catheterization without MCC","","2023-03-31"
"228","Other cardiothoracic procedures with MCC","","2023-03-31"
"229","Other cardiothoracic procedures without MCC","","2023-03-31"
"230","Other cardiothoracic procedures w/o CC/MCC","1","2016-09-30"
"231","Coronary bypass with PTCA with MCC","","2023-03-31"
"232","Coronary bypass with PTCA without MCC","","2023-03-31"
"233","Coronary bypass with cardiac catheterization or open ablation with MCC","","2023-03-31"
"234","Coronary bypass with cardiac catheterization or open ablation without MCC","","2023-03-31"
"235","Coronary bypass without cardiac catheterization with MCC","","2023-03-31"
"236","Coronary bypass without cardiac catheterization without MCC","","2023-03-31"
"237","Major cardiovasc procedures w MCC","1","2015-09-30"
"238","Major cardiovasc procedures w/o MCC","1","2015-09-30"
"239","Amputation for circulatory system disorders except upper limb and toe with MCC","","2023-03-31"
"240","Amputation for circulatory system disorders except upper limb and toe with CC","","2023-03-31"
"241","Amputation for circulatory system disorders except upper limb and toe without CC/MCC","","2023-03-31"
"242","Permanent cardiac pacemaker implant with MCC","","2023-03-31"
"243","Permanent cardiac pacemaker implant with CC","","2023-03-31"
"244","Permanent cardiac pacemaker implant without CC/MCC","","2023-03-31"
"245","AICD generator procedures","","2023-03-31"
"246","Percutaneous cardiovascular procedures with drug-eluting stent with MCC or 4+ arteries or stents","","2023-03-31"
"247","Percutaneous cardiovascular procedures with drug-eluting stent without MCC","","2023-03-31"
"248","Percutaneous cardiovascular procedures with non-drug-eluting stent with MCC or 4+ arteries or stents","","2023-03-31"
"249","Percutaneous cardiovascular procedures with non-drug-eluting stent without MCC","","2023-03-31"
"250","Percutaneous cardiovascular procedures without coronary artery stent with MCC","","2023-03-31"
"251","Percutaneous cardiovascular procedures without coronary artery stent without MCC","","2023-03-31"
"252","Other vascular procedures with MCC","","2023-03-31"
"253","Other vascular procedures with CC","","2023-03-31"
"254","Other vascular procedures without CC/MCC","","2023-03-31"
"255","Upper limb and toe amputation for circulatory system disorders with MCC","","2023-03-31"
"256","Upper limb and toe amputation for circulatory system disorders with CC","","2023-03-31"
"257","Upper limb and toe amputation for circulatory system disorders without CC/MCC","","2023-03-31"
"258","Cardiac pacemaker device replacement with MCC","","2023-03-31"
"259","Cardiac pacemaker device replacement without MCC","","2023-03-31"
"260","Cardiac pacemaker revision except device replacement with MCC","","2023-03-31"
"261","Cardiac pacemaker revision except device replacement with CC","","2023-03-31"
"262","Cardiac pacemaker revision except device replacement without CC/MCC","","2023-03-31"
"263","Vein ligation and stripping","","2023-03-31"
"264","Other circulatory system O.R. procedures","","2023-03-31"
"265","AICD lead procedures","","2023-03-31"
"266","Endovascular cardiac valve replacement and supplement procedures with MCC","","2023-03-31"
"267","Endovascular cardiac valve replacement and supplement procedures without MCC","","2023-03-31"
"268","Aortic and heart assist procedures except pulsation balloon with MCC","","2023-03-31"
"269","Aortic and heart assist procedures except pulsation balloon without MCC","","2023-03-31"
"270","Other major cardiovascular procedures with MCC","","2023-03-31"
"271","Other major cardiovascular procedures with CC","","2023-03-31"
"272","Other major cardiovascular procedures without CC/MCC","","2023-03-31"
"273","Percutaneous and other intracardiac procedures with MCC","","2023-03-31"
"274","Percutaneous and other intracardiac procedures without MCC","","2023-03-31"
"280","Acute myocardial infarction, discharged alive with MCC","","2023-03-31"
"281","Acute myocardial infarction, discharged alive with CC","","2023-03-31"
"282","Acute myocardial infarction, discharged alive without CC/MCC","","2023-03-31"
"283","Acute myocardial infarction, expired with MCC","","2023-03-31"
"284","Acute myocardial infarction, expired with CC","","2023-03-31"
"285","Acute myocardial infarction, expired without CC/MCC","","2023-03-31"
"286","Circulatory disorders except AMI, with cardiac catheterization with MCC","","2023-03-31"
"287","Circulatory disorders except AMI, with cardiac catheterization without MCC","","2023-03-31"
"288","Acute and subacute endocarditis with MCC","","2023-03-31"
"289","Acute and subacute endocarditis with CC","","2023-03-31"
"290","Acute and subacute endocarditis without CC/MCC","","2023-03-31"
"291","Heart failure and shock with MCC","","2023-03-31"
"292","Heart failure and shock with CC","","2023-03-31"
"293","Heart failure and shock without CC/MCC","","2023-03-31"
"294","Deep vein thrombophlebitis with CC/MCC","","2023-03-31"
"295","Deep vein thrombophlebitis without CC/MCC","","2023-03-31"
"296","Cardiac arrest, unexplained with MCC","","2023-03-31"
"297","Cardiac arrest, unexplained with CC","","2023-03-31"
"298","Cardiac arrest, unexplained without CC/MCC","","2023-03-31"
"299","Peripheral vascular disorders with MCC","","2023-03-31"
"300","Peripheral vascular disorders with CC","","2023-03-31"
"301","Peripheral vascular disorders without CC/MCC","","2023-03-31"
"302","Atherosclerosis with MCC","","2023-03-31"
"303","Atherosclerosis without MCC","","2023-03-31"
"304","Hypertension with MCC","","2023-03-31"
"305","Hypertension without MCC","","2023-03-31"
"306","Cardiac congenital and valvular disorders with MCC","","2023-03-31"
"307","Cardiac congenital and valvular disorders without MCC","","2023-03-31"
"308","Cardiac arrhythmia and conduction disorders with MCC","","2023-03-31"
"309","Cardiac arrhythmia and conduction disorders with CC","","2023-03-31"
"310","Cardiac arrhythmia and conduction disorders without CC/MCC","","2023-03-31"
"311","Angina pectoris","","2023-03-31"
"312","Syncope and collapse","","2023-03-31"
"313","Chest pain","","2023-03-31"
"314","Other circulatory system diagnoses with MCC","","2023-03-31"
"315","Other circulatory system diagnoses with CC","","2023-03-31"
"316","Other circulatory system diagnoses without CC/MCC","","2023-03-31"
"319","Other endovascular cardiac valve procedures with MCC","","2023-03-31"
"320","Other endovascular cardiac valve procedures without MCC","","2023-03-31"
"326","Stomach, esophageal and duodenal procedures with MCC","","2023-03-31"
"327","Stomach, esophageal and duodenal procedures with CC","","2023-03-31"
"328","Stomach, esophageal and duodenal procedures without CC/MCC","","2023-03-31"
"329","Major small and large bowel procedures with MCC","","2023-03-31"
"330","Major small and large bowel procedures with CC","","2023-03-31"
"331","Major small and large bowel procedures without CC/MCC","","2023-03-31"
"332","Rectal resection with MCC","","2023-03-31"
"333","Rectal resection with CC","","2023-03-31"
"334","Rectal resection without CC/MCC","","2023-03-31"
"335","Peritoneal adhesiolysis with MCC","","2023-03-31"
"336","Peritoneal adhesiolysis with CC","","2023-03-31"
"337","Peritoneal adhesiolysis without CC/MCC","","2023-03-31"
"338","Appendectomy with complicated principal diagnosis with MCC","","2023-03-31"
"339","Appendectomy with complicated principal diagnosis with CC","","2023-03-31"
"340","Appendectomy with complicated principal diagnosis without CC/MCC","","2023-03-31"
"341","Appendectomy without complicated principal diagnosis with MCC","","2023-03-31"
"342","Appendectomy without complicated principal diagnosis with CC","","2023-03-31"
"343","Appendectomy without complicated principal diagnosis without CC/MCC","","2023-03-31"
"344","Minor small and large bowel procedures with MCC","","2023-03-31"
"345","Minor small and large bowel procedures with CC","","2023-03-31"
"346","Minor small and large bowel procedures without CC/MCC","","2023-03-31"
"347","Anal and stomal procedures with MCC","","2023-03-31"
"348","Anal and stomal procedures with CC","","2023-03-31"
"349","Anal and stomal procedures without CC/MCC","","2023-03-31"
"350","Inguinal and femoral hernia procedures with MCC","","2023-03-31"
"351","Inguinal and femoral hernia procedures with CC","","2023-03-31"
"352","Inguinal and femoral hernia procedures without CC/MCC","","2023-03-31"
"353","Hernia procedures except inguinal and femoral with MCC","","2023-03-31"
"354","Hernia procedures except inguinal and femoral with CC","","2023-03-31"
"355","Hernia procedures except inguinal and femoral without CC/MCC","","2023-03-31"
"356","Other digestive system O.R. procedures with MCC","","2023-03-31"
"357","Other digestive system O.R. procedures with CC","","2023-03-31"
"358","Other digestive system O.R. procedures without CC/MCC","","2023-03-31"
"368","Major esophageal disorders with MCC","","2023-03-31"
"369","Major esophageal disorders with CC","","2023-03-31"
"370","Major esophageal disorders without CC/MCC","","2023-03-31"
"371","Major gastrointestinal disorders and peritoneal infections with MCC","","2023-03-31"
"372","Major gastrointestinal disorders and peritoneal infections with CC","","2023-03-31"
"373","Major gastrointestinal disorders and peritoneal infections without CC/MCC","","2023-03-31"
"374","Digestive malignancy with MCC","","2023-03-31"
"375","Digestive malignancy with CC","","2023-03-31"
"376","Digestive malignancy without CC/MCC","","2023-03-31"
"377","Gastrointestinal hemorrhage with MCC","","2023-03-31"
"378","Gastrointestinal hemorrhage with CC","","2023-03-31"
"379","Gastrointestinal hemorrhage without CC/MCC","","2023-03-31"
"380","Complicated peptic ulcer with MCC","","2023-03-31"
"381","Complicated peptic ulcer with CC","","2023-03-31"
"382","Complicated peptic ulcer without CC/MCC","","2023-03-31"
"383","Uncomplicated peptic ulcer with MCC","","2023-03-31"
"384","Uncomplicated peptic ulcer without MCC","","2023-03-31"
"385","Inflammatory bowel disease with MCC","","2023-03-31"
"386","Inflammatory bowel disease with CC","","2023-03-31"
"387","Inflammatory bowel disease without CC/MCC","","2023-03-31"
"388","Gastrointestinal obstruction with MCC","","2023-03-31"
"389","Gastrointestinal obstruction with CC","","2023-03-31"
"390","Gastrointestinal obstruction without CC/MCC","","2023-03-31"
"391","Esophagitis, gastroenteritis and miscellaneous digestive disorders with MCC","","2023-03-31"
"392","Esophagitis, gastroenteritis and miscellaneous digestive disorders without MCC","","2023-03-31"
"393","Other digestive system diagnoses with MCC","","2023-03-31"
"394","Other digestive system diagnoses with CC","","2023-03-31"
"395","Other digestive system diagnoses without CC/MCC","","2023-03-31"
"405","Pancreas, liver and shunt procedures with MCC","","2023-03-31"
"406","Pancreas, liver and shunt procedures with CC","","2023-03-31"
"407","Pancreas, liver and shunt procedures without CC/MCC","","2023-03-31"
"408","Biliary tract procedures except only cholecystectomy with or without C.D.E. with MCC","","2023-03-31"
"409","Biliary tract procedures except only cholecystectomy with or without C.D.E. with CC","","2023-03-31"
"410","Biliary tract procedures except only cholecystectomy with or without C.D.E. without CC/MCC","","2023-03-31"
"411","Cholecystectomy with C.D.E. with MCC","","2023-03-31"
"412","Cholecystectomy with C.D.E. with CC","","2023-03-31"
"413","Cholecystectomy with C.D.E. without CC/MCC","","2023-03-31"
"414","Cholecystectomy except by laparoscope without C.D.E. with MCC","","2023-03-31"
"415","Cholecystectomy except by laparoscope without C.D.E. with CC","","2023-03-31"
"416","Cholecystectomy except by laparoscope without C.D.E. without CC/MCC","","2023-03-31"
"417","Laparoscopic cholecystectomy without C.D.E. with MCC","","2023-03-31"
"418","Laparoscopic cholecystectomy without C.D.E. with CC","","2023-03-31"
"419","Laparoscopic cholecystectomy without C.D.E. without CC/MCC","","2023-03-31"
"420","Hepatobiliary diagnostic procedures with MCC","","2023-03-31"
"421","Hepatobiliary diagnostic procedures with CC","","2023-03-31"
"422","Hepatobiliary diagnostic procedures without CC/MCC","","2023-03-31"
"423","Other hepatobiliary or pancreas O.R. procedures with MCC","","2023-03-31"
"424","Other hepatobiliary or pancreas O.R. procedures with CC","","2023-03-31"
"425","Other hepatobiliary or pancreas O.R. procedures without CC/MCC","","2023-03-31"
"432","Cirrhosis and alcoholic hepatitis with MCC","","2023-03-31"
"433","Cirrhosis and alcoholic hepatitis with CC","","2023-03-31"
"434","Cirrhosis and alcoholic hepatitis without CC/MCC","","2023-03-31"
"435","Malignancy of hepatobiliary system or pancreas with MCC","","2023-03-31"
"436","Malignancy of hepatobiliary system or pancreas with CC","","2023-03-31"
"437","Malignancy of hepatobiliary system or pancreas without CC/MCC","","2023-03-31"
"438","Disorders of pancreas except malignancy with MCC","","2023-03-31"
"439","Disorders of pancreas except malignancy with CC","","2023-03-31"
"440","Disorders of pancreas except malignancy without CC/MCC","","2023-03-31"
"441","Disorders of liver except malignancy, cirrhosis or alcoholic hepatitis with MCC","","2023-03-31"
"442","Disorders of liver except malignancy, cirrhosis or alcoholic hepatitis with CC","","2023-03-31"
"443","Disorders of liver except malignancy, cirrhosis or alcoholic hepatitis without CC/MCC","","2023-03-31"
"444","Disorders of the biliary tract with MCC","","2023-03-31"
"445","Disorders of the biliary tract with CC","","2023-03-31"
"446","Disorders of the biliary tract without CC/MCC","","2023-03-31"
"453","Combined anterior and posterior spinal fusion with MCC","","2023-03-31"
"454","Combined anterior and posterior spinal fusion with CC","","2023-03-31"
"455","Combined anterior and posterior spinal fusion without CC/MCC","","2023-03-31"
"456","Spinal fusion except cervical with spinal curvature, malignancy, infection or extensive fusions with MCC","","2023-03-31"
"457","Spinal fusion except cervical with spinal curvature, malignancy, infection or extensive fusions with CC","","2023-03-31"
"458","Spinal fusion except cervical with spinal curvature, malignancy, infection or extensive fusions without CC/MCC","","2023-03-31"
"459","Spinal fusion except cervical with MCC","","2023-03-31"
"460","Spinal fusion except cervical without MCC","","2023-03-31"
"461","Bilateral or multiple major joint procedures of lower extremity with MCC","","2023-03-31"
"462","Bilateral or multiple major joint procedures of lower extremity without MCC","","2023-03-31"
"463","Wound debridement and skin graft except hand for musculoskeletal and connective tissue disorders with MCC","","2023-03-31"
"464","Wound debridement and skin graft except hand for musculoskeletal and connective tissue disorders with CC","","2023-03-31"
"465","Wound debridement and skin graft except hand for musculoskeletal and connective tissue disorders without CC/MCC","","2023-03-31"
"466","Revision of hip or knee replacement with MCC","","2023-03-31"
"467","Revision of hip or knee replacement with CC","","2023-03-31"
"468","Revision of hip or knee replacement without CC/MCC","","2023-03-31"
"469","Major hip and knee joint replacement or reattachment of lower extremity with MCC or total ankle replacement","","2023-03-31"
"470","Major hip and knee joint replacement or reattachment of lower extremity without MCC","","2023-03-31"
"471","Cervical spinal fusion with MCC","","2023-03-31"
"472","Cervical spinal fusion with CC","","2023-03-31"
"473","Cervical spinal fusion without CC/MCC","","2023-03-31"
"474","Amputation for musculoskeletal system and connective tissue disorders with MCC","","2023-03-31"
"475","Amputation for musculoskeletal system and connective tissue disorders with CC","","2023-03-31"
"476","Amputation for musculoskeletal system and connective tissue disorders without CC/MCC","","2023-03-31"
"477","Biopsies of musculoskeletal system and connective tissue with MCC","","2023-03-31"
"478","Biopsies of musculoskeletal system and connective tissue with CC","","2023-03-31"
"479","Biopsies of musculoskeletal system and connective tissue without CC/MCC","","2023-03-31"
"480","Hip and femur procedures except major joint with MCC","","2023-03-31"
"481","Hip and femur procedures except major joint with CC","","2023-03-31"
"482","Hip and femur procedures except major joint without CC/MCC","","2023-03-31"
"483","Major joint or limb reattachment procedures of upper extremities","","2023-03-31"
"484","Major joint & limb reattachment proc of upper extremity w/o CC/MCC","1","2014-09-30"
"485","Knee procedures with principal diagnosis of infection with MCC","","2023-03-31"
"486","Knee procedures with principal diagnosis of infection with CC","","2023-03-31"
"487","Knee procedures with principal diagnosis of infection without CC/MCC","","2023-03-31"
"488","Knee procedures without principal diagnosis of infection with CC/MCC","","2023-03-31"
"489","Knee procedures without principal diagnosis of infection without CC/MCC","","2023-03-31"
"490","Back & neck proc exc spinal fusion w CC/MCC or disc device/neurostim","1","2014-09-30"
"491","Back & neck proc exc spinal fusion w/o CC/MCC","1","2014-09-30"
"492","Lower extremity and humerus procedures except hip, foot and femur with MCC","","2023-03-31"
"493","Lower extremity and humerus procedures except hip, foot and femur with CC","","2023-03-31"
"494","Lower extremity and humerus procedures except hip, foot and femur without CC/MCC","","2023-03-31"
"495","Local excision and removal of internal fixation devices except hip and femur with MCC","","2023-03-31"
"496","Local excision and removal of internal fixation devices except hip and femur with CC","","2023-03-31"
"497","Local excision and removal of internal fixation devices except hip and femur without CC/MCC","","2023-03-31"
"498","Local excision and removal of internal fixation devices of hip and femur with CC/MCC","","2023-03-31"
"499","Local excision and removal of internal fixation devices of hip and femur without CC/MCC","","2023-03-31"
"500","Soft tissue procedures with MCC","","2023-03-31"
"501","Soft tissue procedures with CC","","2023-03-31"
"502","Soft tissue procedures without CC/MCC","","2023-03-31"
"503","Foot procedures with MCC","","2023-03-31"
"504","Foot procedures with CC","","2023-03-31"
"505","Foot procedures without CC/MCC","","2023-03-31"
"506","Major thumb or joint procedures","","2023-03-31"
"507","Major shoulder or elbow joint procedures with CC/MCC","","2023-03-31"
"508","Major shoulder or elbow joint procedures without CC/MCC","","2023-03-31"
"509","Arthroscopy","","2023-03-31"
"510","Shoulder, elbow or forearm procedures, except major joint procedures with MCC","","2023-03-31"
"511","Shoulder, elbow or forearm procedures, except major joint procedures with CC","","2023-03-31"
"512","Shoulder, elbow or forearm procedures, except major joint procedures without CC/MCC","","2023-03-31"
"513","Hand or wrist procedures, except major thumb or joint procedures with CC/MCC","","2023-03-31"
"514","Hand or wrist procedures, except major thumb or joint procedures without CC/MCC","","2023-03-31"
"515","Other musculoskeletal system and connective tissue O.R. procedures with MCC","","2023-03-31"
"516","Other musculoskeletal system and connective tissue O.R. procedures with CC","","2023-03-31"
"517","Other musculoskeletal system and connective tissue O.R. procedures without CC/MCC","","2023-03-31"
"518","Back and neck procedures except spinal fusion with MCC or disc device or neurostimulator","","2023-03-31"
"519","Back and neck procedures except spinal fusion with CC","","2023-03-31"
"520","Back and neck procedures except spinal fusion without CC/MCC","","2023-03-31"
"521","Hip replacement with principal diagnosis of hip fracture with MCC","","2023-03-31"
"522","Hip replacement with principal diagnosis of hip fracture without MCC","","2023-03-31"
"533","Fractures of femur with MCC","","2023-03-31"
"534","Fractures of femur without MCC","","2023-03-31"
"535","Fractures of hip and pelvis with MCC","","2023-03-31"
"536","Fractures of hip and pelvis without MCC","","2023-03-31"
"537","Sprains, strains, and dislocations of hip, pelvis and thigh with CC/MCC","","2023-03-31"
"538","Sprains, strains, and dislocations of hip, pelvis and thigh without CC/MCC","","2023-03-31"
"539","Osteomyelitis with MCC","","2023-03-31"
"540","Osteomyelitis with CC","","2023-03-31"
"541","Osteomyelitis without CC/MCC","","2023-03-31"
"542","Pathological fractures and musculoskeletal and connective tissue malignancy with MCC","","2023-03-31"
"543","Pathological fractures and musculoskeletal and connective tissue malignancy with CC","","2023-03-31"
"544","Pathological fractures and musculoskeletal and connective tissue malignancy without CC/MCC","","2023-03-31"
"545","Connective tissue disorders with MCC","","2023-03-31"
"546","Connective tissue disorders with CC","","2023-03-31"
"547","Connective tissue disorders without CC/MCC","","2023-03-31"
"548","Septic arthritis with MCC","","2023-03-31"
"549","Septic arthritis with CC","","2023-03-31"
"550","Septic arthritis without CC/MCC","","2023-03-31"
"551","Medical back problems with MCC","","2023-03-31"
"552","Medical back problems without MCC","","2023-03-31"
"553","Bone diseases and arthropathies with MCC","","2023-03-31"
"554","Bone diseases and arthropathies without MCC","","2023-03-31"
"555","Signs and symptoms of musculoskeletal system and connective tissue with MCC","","2023-03-31"
"556","Signs and symptoms of musculoskeletal system and connective tissue without MCC","","2023-03-31"
"557","Tendonitis, myositis and bursitis with MCC","","2023-03-31"
"558","Tendonitis, myositis and bursitis without MCC","","2023-03-31"
"559","Aftercare, musculoskeletal system and connective tissue with MCC","","2023-03-31"
"560","Aftercare, musculoskeletal system and connective tissue with CC","","2023-03-31"
"561","Aftercare, musculoskeletal system and connective tissue without CC/MCC","","2023-03-31"
"562","Fracture, sprain, strain and dislocation except femur, hip, pelvis and thigh with MCC","","2023-03-31"
"563","Fracture, sprain, strain and dislocation except femur, hip, pelvis and thigh without MCC","","2023-03-31"
"564","Other musculoskeletal system and connective tissue diagnoses with MCC","","2023-03-31"
"565","Other musculoskeletal system and connective tissue diagnoses with CC","","2023-03-31"
"566","Other musculoskeletal system and connective tissue diagnoses without CC/MCC","","2023-03-31"
"570","Skin debridement with MCC","","2023-03-31"
"571","Skin debridement with CC","","2023-03-31"
"572","Skin debridement without CC/MCC","","2023-03-31"
"573","Skin graft for skin ulcer or cellulitis with MCC","","2023-03-31"
"574","Skin graft for skin ulcer or cellulitis with CC","","2023-03-31"
"575","Skin graft for skin ulcer or cellulitis without CC/MCC","","2023-03-31"
"576","Skin graft except for skin ulcer or cellulitis with MCC","","2023-03-31"
"577","Skin graft except for skin ulcer or cellulitis with CC","","2023-03-31"
"578","Skin graft except for skin ulcer or cellulitis without CC/MCC","","2023-03-31"
"579","Other skin, subcutaneous tissue and breast procedures with MCC","","2023-03-31"
"580","Other skin, subcutaneous tissue and breast procedures with CC","","2023-03-31"
"581","Other skin, subcutaneous tissue and breast procedures without CC/MCC","","2023-03-31"
"582","Mastectomy for malignancy with CC/MCC","","2023-03-31"
"583","Mastectomy for malignancy without CC/MCC","","2023-03-31"
"584","Breast biopsy, local excision and other breast procedures with CC/MCC","","2023-03-31"
"585","Breast biopsy, local excision and other breast procedures without CC/MCC","","2023-03-31"
"592","Skin ulcers with MCC","","2023-03-31"
"593","Skin ulcers with CC","","2023-03-31"
"594","Skin ulcers without CC/MCC","","2023-03-31"
"595","Major skin disorders with MCC","","2023-03-31"
"596","Major skin disorders without MCC","","2023-03-31"
"597","Malignant breast disorders with MCC","","2023-03-31"
"598","Malignant breast disorders with CC","","2023-03-31"
"599","Malignant breast disorders without CC/MCC","","2023-03-31"
"600","Non-malignant breast disorders with CC/MCC","","2023-03-31"
"601","Non-malignant breast disorders without CC/MCC","","2023-03-31"
"602","Cellulitis with MCC","","2023-03-31"
"603","Cellulitis without MCC","","2023-03-31"
"604","Trauma to the skin, subcutaneous tissue and breast with MCC","","2023-03-31"
"605","Trauma to the skin, subcutaneous tissue and breast without MCC","","2023-03-31"
"606","Minor skin disorders with MCC","","2023-03-31"
"607","Minor skin disorders without MCC","","2023-03-31"
"614","Adrenal and pituitary procedures with CC/MCC","","2023-03-31"
"615","Adrenal and pituitary procedures without CC/MCC","","2023-03-31"
"616","Amputation of lower limb for endocrine, nutritional and metabolic disorders with MCC","","2023-03-31"
"617","Amputation of lower limb for endocrine, nutritional and metabolic disorders with CC","","2023-03-31"
"618","Amputation of lower limb for endocrine, nutritional and metabolic disorders without CC/MCC","","2023-03-31"
"619","O.R. procedures for obesity with MCC","","2023-03-31"
"620","O.R. procedures for obesity with CC","","2023-03-31"
"621","O.R. procedures for obesity without CC/MCC","","2023-03-31"
"622","Skin grafts and wound debridement for endocrine, nutritional and metabolic disorders with MCC","","2023-03-31"
"623","Skin grafts and wound debridement for endocrine, nutritional and metabolic disorders with CC","","2023-03-31"
"624","Skin grafts and wound debridement for endocrine, nutritional and metabolic disorders without CC/MCC","","2023-03-31"
"625","Thyroid, parathyroid and thyroglossal procedures with MCC","","2023-03-31"
"626","Thyroid, parathyroid and thyroglossal procedures with CC","","2023-03-31"
"627","Thyroid, parathyroid and thyroglossal procedures without CC/MCC","","2023-03-31"
"628","Other endocrine, nutritional and metabolic O.R. procedures with MCC","","2023-03-31"
"629","Other endocrine, nutritional and metabolic O.R. procedures with CC","","2023-03-31"
"630","Other endocrine, nutritional and metabolic O.R. procedures without CC/MCC","","2023-03-31"
"637","Diabetes with MCC","","2023-03-31"
"638","Diabetes with CC","","2023-03-31"
"639","Diabetes without CC/MCC","","2023-03-31"
"640","Miscellaneous disorders of nutrition, metabolism, fluids and electrolytes with MCC","","2023-03-31"
"641","Miscellaneous disorders of nutrition, metabolism, fluids and electrolytes without MCC","","2023-03-31"
"642","Inborn and other disorders of metabolism","","2023-03-31"
"643","Endocrine disorders with MCC","","2023-03-31"
"644","Endocrine disorders with CC","","2023-03-31"
"645","Endocrine disorders without CC/MCC","","2023-03-31"
"650","Kidney transplant with hemodialysis with MCC","","2023-03-31"
"651","Kidney transplant with hemodialysis without MCC","","2023-03-31"
"652","Kidney transplant","","2023-03-31"
"653","Major bladder procedures with MCC","","2023-03-31"
"654","Major bladder procedures with CC","","2023-03-31"
"655","Major bladder procedures without CC/MCC","","2023-03-31"
"656","Kidney and ureter procedures for neoplasm with MCC","","2023-03-31"
"657","Kidney and ureter procedures for neoplasm with CC","","2023-03-31"
"658","Kidney and ureter procedures for neoplasm without CC/MCC","","2023-03-31"
"659","Kidney and ureter procedures for non-neoplasm with MCC","","2023-03-31"
"660","Kidney and ureter procedures for non-neoplasm with CC","","2023-03-31"
"661","Kidney and ureter procedures for non-neoplasm without CC/MCC","","2023-03-31"
"662","Minor bladder procedures with MCC","","2023-03-31"
"663","Minor bladder procedures with CC","","2023-03-31"
"664","Minor bladder procedures without CC/MCC","","2023-03-31"
"665","Prostatectomy with MCC","","2023-03-31"
"666","Prostatectomy with CC","","2023-03-31"
"667","Prostatectomy without CC/MCC","","2023-03-31"
"668","Transurethral procedures with MCC","","2023-03-31"
"669","Transurethral procedures with CC","","2023-03-31"
"670","Transurethral procedures without CC/MCC","","2023-03-31"
"671","Urethral procedures with CC/MCC","","2023-03-31"
"672","Urethral procedures without CC/MCC","","2023-03-31"
"673","Other kidney and urinary tract procedures with MCC","","2023-03-31"
"674","Other kidney and urinary tract procedures with CC","","2023-03-31"
"675","Other kidney and urinary tract procedures without CC/MCC","","2023-03-31"
"682","Renal failure with MCC","","2023-03-31"
"683","Renal failure with CC","","2023-03-31"
"684","Renal failure without CC/MCC","","2023-03-31"
"685","Admit for renal dialysis","1","2018-09-30"
"686","Kidney and urinary tract neoplasms with MCC","","2023-03-31"
"687","Kidney and urinary tract neoplasms with CC","","2023-03-31"
"688","Kidney and urinary tract neoplasms without CC/MCC","","2023-03-31"
"689","Kidney and urinary tract infections with MCC","","2023-03-31"
"690","Kidney and urinary tract infections without MCC","","2023-03-31"
"691","Urinary stones w esw lithotripsy w CC/MCC","1","2019-09-30"
"692","Urinary stones w esw lithotripsy w/o CC/MCC","1","2019-09-30"
"693","Urinary stones with MCC","","2023-03-31"
"694","Urinary stones without MCC","","2023-03-31"
"695","Kidney and urinary tract signs and symptoms with MCC","","2023-03-31"
"696","Kidney and urinary tract signs and symptoms without MCC","","2023-03-31"
"697","Urethral stricture","","2023-03-31"
"698","Other kidney and urinary tract diagnoses with MCC","","2023-03-31"
"699","Other kidney and urinary tract diagnoses with CC","","2023-03-31"
"700","Other kidney and urinary tract diagnoses without CC/MCC","","2023-03-31"
"707","Major male pelvic procedures with CC/MCC","","2023-03-31"
"708","Major male pelvic procedures without CC/MCC","","2023-03-31"
"709","Penis procedures with CC/MCC","","2023-03-31"
"710","Penis procedures without CC/MCC","","2023-03-31"
"711","Testes procedures with CC/MCC","","2023-03-31"
"712","Testes procedures without CC/MCC","","2023-03-31"
"713","Transurethral prostatectomy with CC/MCC","","2023-03-31"
"714","Transurethral prostatectomy without CC/MCC","","2023-03-31"
"715","Other male reproductive system O.R. procedures for malignancy with CC/MCC","","2023-03-31"
"716","Other male reproductive system O.R. procedures for malignancy without CC/MCC","","2023-03-31"
"717","Other male reproductive system O.R. procedures except malignancy with CC/MCC","","2023-03-31"
"718","Other male reproductive system O.R. procedures except malignancy without CC/MCC","","2023-03-31"
"722","Malignancy, male reproductive system with MCC","","2023-03-31"
"723","Malignancy, male reproductive system with CC","","2023-03-31"
"724","Malignancy, male reproductive system without CC/MCC","","2023-03-31"
"725","Benign prostatic hypertrophy with MCC","","2023-03-31"
"726","Benign prostatic hypertrophy without MCC","","2023-03-31"
"727","Inflammation of the male reproductive system with MCC","","2023-03-31"
"728","Inflammation of the male reproductive system without MCC","","2023-03-31"
"729","Other male reproductive system diagnoses with CC/MCC","","2023-03-31"
"730","Other male reproductive system diagnoses without CC/MCC","","2023-03-31"
"734","Pelvic evisceration, radical hysterectomy and radical vulvectomy with CC/MCC","","2023-03-31"
"735","Pelvic evisceration, radical hysterectomy and radical vulvectomy without CC/MCC","","2023-03-31"
"736","Uterine and adnexa procedures for ovarian or adnexal malignancy with MCC","","2023-03-31"
"737","Uterine and adnexa procedures for ovarian or adnexal malignancy with CC","","2023-03-31"
"738","Uterine and adnexa procedures for ovarian or adnexal malignancy without CC/MCC","","2023-03-31"
"739","Uterine and adnexa procedures for non-ovarian and non-adnexal malignancy with MCC","","2023-03-31"
"740","Uterine and adnexa procedures for non-ovarian and non-adnexal malignancy with CC","","2023-03-31"
"741","Uterine and adnexa procedures for non-ovarian and non-adnexal malignancy without CC/MCC","","2023-03-31"
"742","Uterine and adnexa procedures for non-malignancy with CC/MCC","","2023-03-31"
"743","Uterine and adnexa procedures for non-malignancy without CC/MCC","","2023-03-31"
"744","D&C, conization, laparoscopy and tubal interruption with CC/MCC","","2023-03-31"
"745","D&C, conization, laparoscopy and tubal interruption without CC/MCC","","2023-03-31"
"746","Vagina, cervix and vulva procedures with CC/MCC","","2023-03-31"
"747","Vagina, cervix and vulva procedures without CC/MCC","","2023-03-31"
"748","Female reproductive system reconstructive procedures","","2023-03-31"
"749","Other female reproductive system O.R. procedures with CC/MCC","","2023-03-31"
"750","Other female reproductive system O.R. procedures without CC/MCC","","2023-03-31"
"754","Malignancy, female reproductive system with MCC","","2023-03-31"
"755","Malignancy, female reproductive system with CC","","2023-03-31"
"756","Malignancy, female reproductive system without CC/MCC","","2023-03-31"
"757","Infections, female reproductive system with MCC","","2023-03-31"
"758","Infections, female reproductive system with CC","","2023-03-31"
"759","Infections, female reproductive system without CC/MCC","","2023-03-31"
"760","Menstrual and other female reproductive system disorders with CC/MCC","","2023-03-31"
"761","Menstrual and other female reproductive system disorders without CC/MCC","","2023-03-31"
"765","Cesarean section w CC/MCC","1","2018-09-30"
"766","Cesarean section w/o CC/MCC","1","2018-09-30"
"767","Vaginal delivery w sterilization &/or D&C","1","2018-09-30"
"768","Vaginal delivery with O.R. procedures except sterilization and/or D&C","","2023-03-31"
"769","Postpartum and post abortion diagnoses with O.R. procedures","","2023-03-31"
"770","Abortion with D&C, aspiration curettage or hysterotomy","","2023-03-31"
"774","Vaginal delivery w complicating diagnoses","1","2018-09-30"
"775","Vaginal delivery w/o complicating diagnoses","1","2018-09-30"
"776","Postpartum and post abortion diagnoses without O.R. procedures","","2023-03-31"
"777","Ectopic pregnancy","1","2018-09-30"
"778","Threatened abortion","1","2018-09-30"
"779","Abortion without D&C","","2023-03-31"
"780","False labor","1","2018-09-30"
"781","Other antepartum diagnoses w medical complications","1","2018-09-30"
"782","Other antepartum diagnoses w/o medical complications","1","2018-09-30"
"783","Cesarean section with sterilization with MCC","","2023-03-31"
"784","Cesarean section with sterilization with CC","","2023-03-31"
"785","Cesarean section with sterilization without CC/MCC","","2023-03-31"
"786","Cesarean section without sterilization with MCC","","2023-03-31"
"787","Cesarean section without sterilization with CC","","2023-03-31"
"788","Cesarean section without sterilization without CC/MCC","","2023-03-31"
"789","Neonates, died or transferred to another acute care facility","","2023-03-31"
"790","Extreme immaturity or respiratory distress syndrome, neonate","","2023-03-31"
"791","Prematurity with major problems","","2023-03-31"
"792","Prematurity without major problems","","2023-03-31"
"793","Full term neonate with major problems","","2023-03-31"
"794","Neonate with other significant problems","","2023-03-31"
"795","Normal newborn","","2023-03-31"
"796","Vaginal delivery with sterilization and/or D&C with MCC","","2023-03-31"
"797","Vaginal delivery with sterilization and/or D&C with CC","","2023-03-31"
"798","Vaginal delivery with sterilization and/or D&C without CC/MCC","","2023-03-31"
"799","Splenectomy with MCC","","2023-03-31"
"800","Splenectomy with CC","","2023-03-31"
"801","Splenectomy without CC/MCC","","2023-03-31"
"802","Other O.R. procedures of the blood and blood forming organs with MCC","","2023-03-31"
"803","Other O.R. procedures of the blood and blood forming organs with CC","","2023-03-31"
"804","Other O.R. procedures of the blood and blood forming organs without CC/MCC","","2023-03-31"
"805","Vaginal delivery without sterilization or D&C with MCC","","2023-03-31"
"806","Vaginal delivery without sterilization or D&C with CC","","2023-03-31"
"807","Vaginal delivery without sterilization or D&C without CC/MCC","","2023-03-31"
"808","Major hematological and immunological diagnoses except sickle cell crisis and coagulation disorders with MCC","","2023-03-31"
"809","Major hematological and immunological diagnoses except sickle cell crisis and coagulation disorders with CC","","2023-03-31"
"810","Major hematological and immunological diagnoses except sickle cell crisis and coagulation disorders without CC/MCC","","2023-03-31"
"811","Red blood cell disorders with MCC","","2023-03-31"
"812","Red blood cell disorders without MCC","","2023-03-31"
"813","Coagulation disorders","","2023-03-31"
"814","Reticuloendothelial and immunity disorders with MCC","","2023-03-31"
"815","Reticuloendothelial and immunity disorders with CC","","2023-03-31"
"816","Reticuloendothelial and immunity disorders without CC/MCC","","2023-03-31"
"817","Other antepartum diagnoses with O.R. procedures with MCC","","2023-03-31"
"818","Other antepartum diagnoses with O.R. procedures with CC","","2023-03-31"
"819","Other antepartum diagnoses with O.R. procedures without CC/MCC","","2023-03-31"
"820","Lymphoma and leukemia with major O.R. procedures with MCC","","2023-03-31"
"821","Lymphoma and leukemia with major O.R. procedures with CC","","2023-03-31"
"822","Lymphoma and leukemia with major O.R. procedures without CC/MCC","","2023-03-31"
"823","Lymphoma and non-acute leukemia with other procedures with MCC","","2023-03-31"
"824","Lymphoma and non-acute leukemia with other procedures with CC","","2023-03-31"
"825","Lymphoma and non-acute leukemia with other procedures without CC/MCC","","2023-03-31"
"826","Myeloproliferative disorders or poorly differentiated neoplasms with major O.R. procedures with MCC","","2023-03-31"
"827","Myeloproliferative disorders or poorly differentiated neoplasms with major O.R. procedures with CC","","2023-03-31"
"828","Myeloproliferative disorders or poorly differentiated neoplasms with major O.R. procedures without CC/MCC","","2023-03-31"
"829","Myeloproliferative disorders or poorly differentiated neoplasms with other procedures with CC/MCC","","2023-03-31"
"830","Myeloproliferative disorders or poorly differentiated neoplasms with other procedures without CC/MCC","","2023-03-31"
"831","Other antepartum diagnoses without O.R. procedures with MCC","","2023-03-31"
"832","Other antepartum diagnoses without O.R. procedures with CC","","2023-03-31"
"833","Other antepartum diagnoses without O.R. procedures without CC/MCC","","2023-03-31"
"834","Acute leukemia without major O.R. procedures with MCC","","2023-03-31"
"835","Acute leukemia without major O.R. procedures with CC","","2023-03-31"
"836","Acute leukemia without major O.R. procedures without CC/MCC","","2023-03-31"
"837","Chemotherapy with acute leukemia as secondary diagnosis or with high dose chemotherapy agent with MCC","","2023-03-31"
"838","Chemotherapy with acute leukemia as secondary diagnosis with CC or high dose chemotherapy agent","","2023-03-31"
"839","Chemotherapy with acute leukemia as secondary diagnosis without CC/MCC","","2023-03-31"
"840","Lymphoma and non-acute leukemia with MCC","","2023-03-31"
"841","Lymphoma and non-acute leukemia with CC","","2023-03-31"
"842","Lymphoma and non-acute leukemia without CC/MCC","","2023-03-31"
"843","Other myeloproliferative disorders or poorly differentiated neoplastic diagnoses with MCC","","2023-03-31"
"844","Other myeloproliferative disorders or poorly differentiated neoplastic diagnoses with CC","","2023-03-31"
"845","Other myeloproliferative disorders or poorly differentiated neoplastic diagnoses without CC/MCC","","2023-03-31"
"846","Chemotherapy without acute leukemia as secondary diagnosis with MCC","","2023-03-31"
"847","Chemotherapy without acute leukemia as secondary diagnosis with CC","","2023-03-31"
"848","Chemotherapy without acute leukemia as secondary diagnosis without CC/MCC","","2023-03-31"
"849","Radiotherapy","","2023-03-31"
"853","Infectious and parasitic diseases with O.R. procedures with MCC","","2023-03-31"
"854","Infectious and parasitic diseases with O.R. procedures with CC","","2023-03-31"
"855","Infectious and parasitic diseases with O.R. procedures without CC/MCC","","2023-03-31"
"856","Postoperative or post-traumatic infections with O.R. procedures with MCC","","2023-03-31"
"857","Postoperative or post-traumatic infections with O.R. procedures with CC","","2023-03-31"
"858","Postoperative or post-traumatic infections with O.R. procedures without CC/MCC","","2023-03-31"
"862","Postoperative and post-traumatic infections with MCC","","2023-03-31"
"863","Postoperative and post-traumatic infections without MCC","","2023-03-31"
"864","Fever and inflammatory conditions","","2023-03-31"
"865","Viral illness with MCC","","2023-03-31"
"866","Viral illness without MCC","","2023-03-31"
"867","Other infectious and parasitic diseases diagnoses with MCC","","2023-03-31"
"868","Other infectious and parasitic diseases diagnoses with CC","","2023-03-31"
"869","Other infectious and parasitic diseases diagnoses without CC/MCC","","2023-03-31"
"870","Septicemia or severe sepsis with MV >96 hours","","2023-03-31"
"871","Septicemia or severe sepsis without MV >96 hours with MCC","","2023-03-31"
"872","Septicemia or severe sepsis without MV >96 hours without MCC","","2023-03-31"
"876","O.R. procedures with principal diagnosis of mental illness","","2023-03-31"
"880","Acute adjustment reaction and psychosocial dysfunction","","2023-03-31"
"881","Depressive neuroses","","2023-03-31"
"882","Neuroses except depressive","","2023-03-31"
"883","Disorders of personality and impulse control","","2023-03-31"
"884","Organic disturbances and intellectual disability","","2023-03-31"
"885","Psychoses","","2023-03-31"
"886","Behavioral and developmental disorders","","2023-03-31"
"887","Other mental disorder diagnoses","","2023-03-31"
"894","Alcohol, drug abuse or dependence, left AMA","","2023-03-31"
"895","Alcohol, drug abuse or dependence with rehabilitation therapy","","2023-03-31"
"896","Alcohol, drug abuse or dependence without rehabilitation therapy with MCC","","2023-03-31"
"897","Alcohol, drug abuse or dependence without rehabilitation therapy without MCC","","2023-03-31"
"901","Wound debridements for injuries with MCC","","2023-03-31"
"902","Wound debridements for injuries with CC","","2023-03-31"
"903","Wound debridements for injuries without CC/MCC","","2023-03-31"
"904","Skin grafts for injuries with CC/MCC","","2023-03-31"
"905","Skin grafts for injuries without CC/MCC","","2023-03-31"
"906","Hand procedures for injuries","","2023-03-31"
"907","Other O.R. procedures for injuries with MCC","","2023-03-31"
"908","Other O.R. procedures for injuries with CC","","2023-03-31"
"909","Other O.R. procedures for injuries without CC/MCC","","2023-03-31"
"913","Traumatic injury with MCC","","2023-03-31"
"914","Traumatic injury without MCC","","2023-03-31"
"915","Allergic reactions with MCC","","2023-03-31"
"916","Allergic reactions without MCC","","2023-03-31"
"917","Poisoning and toxic effects of drugs with MCC","","2023-03-31"
"918","Poisoning and toxic effects of drugs without MCC","","2023-03-31"
"919","Complications of treatment with MCC","","2023-03-31"
"920","Complications of treatment with CC","","2023-03-31"
"921","Complications of treatment without CC/MCC","","2023-03-31"
"922","Other injury, poisoning and toxic effect diagnoses with MCC","","2023-03-31"
"923","Other injury, poisoning and toxic effect diagnoses without MCC","","2023-03-31"
"927","Extensive burns or full thickness burns with MV >96 hours with skin graft","","2023-03-31"
"928","Full thickness burn with skin graft or inhalation injury with CC/MCC","","2023-03-31"
"929","Full thickness burn with skin graft or inhalation injury without CC/MCC","","2023-03-31"
"933","Extensive burns or full thickness burns with MV >96 hours without skin graft","","2023-03-31"
"934","Full thickness burn without skin graft or inhalation injury","","2023-03-31"
"935","Non-extensive burns","","2023-03-31"
"939","O.R. procedures with diagnoses of other contact with health services with MCC","","2023-03-31"
"940","O.R. procedures with diagnoses of other contact with health services with CC","","2023-03-31"
"941","O.R. procedures with diagnoses of other contact with health services without CC/MCC","","2023-03-31"
"945","Rehabilitation with CC/MCC","","2023-03-31"
"946","Rehabilitation without CC/MCC","","2023-03-31"
"947","Signs and symptoms with MCC","","2023-03-31"
"948","Signs and symptoms without MCC","","2023-03-31"
"949","Aftercare with CC/MCC","","2023-03-31"
"950","Aftercare without CC/MCC","","2023-03-31"
"951","Other factors influencing health status","","2023-03-31"
"955","Craniotomy for multiple significant trauma","","2023-03-31"
"956","Limb reattachment, hip and femur procedures for multiple significant trauma","","2023-03-31"
"957","Other O.R. procedures for multiple significant trauma with MCC","","2023-03-31"
"958","Other O.R. procedures for multiple significant trauma with CC","","2023-03-31"
"959","Other O.R. procedures for multiple significant trauma without CC/MCC","","2023-03-31"
"963","Other multiple significant trauma with MCC","","2023-03-31"
"964","Other multiple significant trauma with CC","","2023-03-31"
"965","Other multiple significant trauma without CC/MCC","","2023-03-31"
"969","HIV with extensive O.R. procedures with MCC","","2023-03-31"
"970","HIV with extensive O.R. procedures without MCC","","2023-03-31"
"974","HIV with major related condition with MCC","","2023-03-31"
"975","HIV with major related condition with CC","","2023-03-31"
"976","HIV with major related condition without CC/MCC","","2023-03-31"
"977","HIV with or without other related condition","","2023-03-31"
"981","Extensive O.R. procedures unrelated to principal diagnosis with MCC","","2023-03-31"
"982","Extensive O.R. procedures unrelated to principal diagnosis with CC","","2023-03-31"
"983","Extensive O.R. procedures unrelated to principal diagnosis without CC/MCC","","2023-03-31"
"984","Prostatic O.R. procedure unrelated to principal diagnosis w MCC","1","2017-09-30"
"985","Prostatic O.R. procedure unrelated to principal diagnosis w CC","1","2017-09-30"
"986","Prostatic O.R. procedure unrelated to principal diagnosis w/o CC/MCC","1","2017-09-30"
"987","Non-extensive O.R. procedures unrelated to principal diagnosis with MCC","","2023-03-31"
"988","Non-extensive O.R. procedures unrelated to principal diagnosis with CC","","2023-03-31"
"989","Non-extensive O.R. procedures unrelated to principal diagnosis without CC/MCC","","2023-03-31"
"998","Principal diagnosis invalid as discharge diagnosis","","2023-03-31"
"999","Ungroupable","","2023-03-31"
